
--	RFGM
--	[DataSeries].[SeriesType]
INSERT [DataSeries].[SeriesType] ([Id], [Name], [IsDependant], [IsActive]) 
	VALUES (N'RFGM_Fe_PS', N'RFGM Fe by Location and Product Size', 0, 1)
INSERT [DataSeries].[SeriesType] ([Id], [Name], [IsDependant], [IsActive]) 
	VALUES (N'RFGM_Grade_PS', N'RFGM Grade by Location and Product Size', 0, 1)
INSERT [DataSeries].[SeriesType] ([Id], [Name], [IsDependant], [IsActive]) 
	VALUES (N'RFGM_Tonnes_PS', N'RFGM Tonnes by Location and Product Size', 0, 1)

INSERT INTO [DataSeries].[SeriesTypeGroupMembership](SeriesTypeId, SeriesTypeGroupId)
	VALUES ('RFGM_Fe_PS', 'DataRetrievalGroup')
INSERT INTO [DataSeries].[SeriesTypeGroupMembership](SeriesTypeId, SeriesTypeGroupId)
	VALUES ('RFGM_Fe_PS', 'OutlierAnalysisRFGMFactor')
INSERT INTO [DataSeries].[SeriesTypeGroupMembership](SeriesTypeId, SeriesTypeGroupId)
	VALUES ('RFGM_Fe_PS', 'OutlierAnalysisRFGMFactorOnly')
INSERT INTO [DataSeries].[SeriesTypeGroupMembership](SeriesTypeId, SeriesTypeGroupId)
	VALUES ('RFGM_Fe_PS', 'OutlierSeriesTypeGroup')

INSERT INTO [DataSeries].[SeriesTypeGroupMembership](SeriesTypeId, SeriesTypeGroupId)
	VALUES ('RFGM_Grade_PS', 'DataRetrievalGroup')
INSERT INTO [DataSeries].[SeriesTypeGroupMembership](SeriesTypeId, SeriesTypeGroupId)
	VALUES ('RFGM_Grade_PS', 'OutlierAnalysisRFGMFactor')
INSERT INTO [DataSeries].[SeriesTypeGroupMembership](SeriesTypeId, SeriesTypeGroupId)
	VALUES ('RFGM_Grade_PS', 'OutlierAnalysisRFGMFactorOnly')
INSERT INTO [DataSeries].[SeriesTypeGroupMembership](SeriesTypeId, SeriesTypeGroupId)
	VALUES ('RFGM_Grade_PS', 'OutlierSeriesTypeGroup')

INSERT INTO [DataSeries].[SeriesTypeGroupMembership](SeriesTypeId, SeriesTypeGroupId)
	VALUES ('RFGM_Tonnes_PS', 'DataRetrievalGroup')
INSERT INTO [DataSeries].[SeriesTypeGroupMembership](SeriesTypeId, SeriesTypeGroupId)
	VALUES ('RFGM_Tonnes_PS', 'OutlierAnalysisRFGMFactor')
INSERT INTO [DataSeries].[SeriesTypeGroupMembership](SeriesTypeId, SeriesTypeGroupId)
	VALUES ('RFGM_Tonnes_PS', 'OutlierAnalysisRFGMFactorOnly')
INSERT INTO [DataSeries].[SeriesTypeGroupMembership](SeriesTypeId, SeriesTypeGroupId)
	VALUES ('RFGM_Tonnes_PS', 'OutlierSeriesTypeGroup')

--	[DataSeries].[SeriesTypeAttribute]
INSERT [DataSeries].[SeriesTypeAttribute] ([SeriesTypeId], [Name], [StringValue], [IntegerValue], [BooleanValue], [DateTimeValue], [DoubleValue]) 
	VALUES (N'RFGM_Fe_PS', N'Attribute', N'Fe', NULL, NULL, NULL, NULL)
INSERT [DataSeries].[SeriesTypeAttribute] ([SeriesTypeId], [Name], [StringValue], [IntegerValue], [BooleanValue], [DateTimeValue], [DoubleValue])
	VALUES (N'RFGM_Fe_PS', N'ByGrade', NULL, NULL, 1, NULL, NULL)
INSERT [DataSeries].[SeriesTypeAttribute] ([SeriesTypeId], [Name], [StringValue], [IntegerValue], [BooleanValue], [DateTimeValue], [DoubleValue]) 
	VALUES (N'RFGM_Fe_PS', N'ByMaterialType', NULL, NULL, 0, NULL, NULL)
INSERT [DataSeries].[SeriesTypeAttribute] ([SeriesTypeId], [Name], [StringValue], [IntegerValue], [BooleanValue], [DateTimeValue], [DoubleValue]) 
	VALUES (N'RFGM_Fe_PS', N'ByProductSize', NULL, NULL, 1, NULL, NULL)
INSERT [DataSeries].[SeriesTypeAttribute] ([SeriesTypeId], [Name], [StringValue], [IntegerValue], [BooleanValue], [DateTimeValue], [DoubleValue]) 
	VALUES (N'RFGM_Fe_PS', N'CalculationId', N'RFGM', NULL, NULL, NULL, NULL)
INSERT [DataSeries].[SeriesTypeAttribute] ([SeriesTypeId], [Name], [StringValue], [IntegerValue], [BooleanValue], [DateTimeValue], [DoubleValue]) 
	VALUES (N'RFGM_Fe_PS', N'DataRetrievalRequest_ProcessorFullyQualifiedName', N'Snowden.Consulting.DataSeries.Processing.PointRetrievalProcessor, Snowden.Consulting.DataSeries.Processing', NULL, NULL, NULL, NULL)
INSERT [DataSeries].[SeriesTypeAttribute] ([SeriesTypeId], [Name], [StringValue], [IntegerValue], [BooleanValue], [DateTimeValue], [DoubleValue]) 
	VALUES (N'RFGM_Fe_PS', N'LocationType', N'Pit and above', NULL, NULL, NULL, NULL)
INSERT [DataSeries].[SeriesTypeAttribute] ([SeriesTypeId], [Name], [StringValue], [IntegerValue], [BooleanValue], [DateTimeValue], [DoubleValue]) 
	VALUES (N'RFGM_Fe_PS', N'OutlierConfiguration_AbsoluteEnd', NULL, NULL, NULL, CAST(N'2060-01-01 00:00:00.000' AS DateTime), NULL)
INSERT [DataSeries].[SeriesTypeAttribute] ([SeriesTypeId], [Name], [StringValue], [IntegerValue], [BooleanValue], [DateTimeValue], [DoubleValue]) 
	VALUES (N'RFGM_Fe_PS', N'OutlierConfiguration_AbsoluteStart', NULL, NULL, NULL, CAST(N'2009-04-01 00:00:00.000' AS DateTime), NULL)
INSERT [DataSeries].[SeriesTypeAttribute] ([SeriesTypeId], [Name], [StringValue], [IntegerValue], [BooleanValue], [DateTimeValue], [DoubleValue]) 
	VALUES (N'RFGM_Fe_PS', N'OutlierConfiguration_Description', N'RFGM Fe by HUB and Product Size', NULL, NULL, NULL, NULL)
INSERT [DataSeries].[SeriesTypeAttribute] ([SeriesTypeId], [Name], [StringValue], [IntegerValue], [BooleanValue], [DateTimeValue], [DoubleValue]) 
	VALUES (N'RFGM_Fe_PS', N'OutlierConfiguration_IsActive', NULL, NULL, 1, NULL, NULL)
INSERT [DataSeries].[SeriesTypeAttribute] ([SeriesTypeId], [Name], [StringValue], [IntegerValue], [BooleanValue], [DateTimeValue], [DoubleValue]) 
	VALUES (N'RFGM_Fe_PS', N'OutlierConfiguration_MinimumDataPoints', NULL, 12, NULL, NULL, NULL)
INSERT [DataSeries].[SeriesTypeAttribute] ([SeriesTypeId], [Name], [StringValue], [IntegerValue], [BooleanValue], [DateTimeValue], [DoubleValue]) 
	VALUES (N'RFGM_Fe_PS', N'OutlierConfiguration_OutlierThreshold', NULL, NULL, NULL, NULL, 3)
INSERT [DataSeries].[SeriesTypeAttribute] ([SeriesTypeId], [Name], [StringValue], [IntegerValue], [BooleanValue], [DateTimeValue], [DoubleValue]) 
	VALUES (N'RFGM_Fe_PS', N'OutlierConfiguration_Priority', NULL, 2, NULL, NULL, NULL)
INSERT [DataSeries].[SeriesTypeAttribute] ([SeriesTypeId], [Name], [StringValue], [IntegerValue], [BooleanValue], [DateTimeValue], [DoubleValue]) 
	VALUES (N'RFGM_Fe_PS', N'OutlierConfiguration_ProjectedValueMethod', N'RollingAverage', NULL, NULL, NULL, NULL)
INSERT [DataSeries].[SeriesTypeAttribute] ([SeriesTypeId], [Name], [StringValue], [IntegerValue], [BooleanValue], [DateTimeValue], [DoubleValue]) 
	VALUES (N'RFGM_Fe_PS', N'OutlierConfiguration_RollingSeriesSize', NULL, 24, NULL, NULL, NULL)
INSERT [DataSeries].[SeriesTypeAttribute] ([SeriesTypeId], [Name], [StringValue], [IntegerValue], [BooleanValue], [DateTimeValue], [DoubleValue]) 
	VALUES (N'RFGM_Fe_PS', N'OutlierProcessRequest_ProcessorFullyQualifiedName', N'Snowden.Consulting.DataSeries.Processing.OutlierDetectionProcessor, Snowden.Consulting.DataSeries.Processing', NULL, NULL, NULL, NULL)
INSERT [DataSeries].[SeriesTypeAttribute] ([SeriesTypeId], [Name], [StringValue], [IntegerValue], [BooleanValue], [DateTimeValue], [DoubleValue]) 
	VALUES (N'RFGM_Fe_PS', N'RetrieverFullyQualifiedName', N'Snowden.Reconcilor.Bhpbio.DataSeries.ReportSeriesDataRetriever, Snowden.Reconcilor.Bhpbio.DataSeries', NULL, NULL, NULL, NULL)
INSERT [DataSeries].[SeriesTypeAttribute] ([SeriesTypeId], [Name], [StringValue], [IntegerValue], [BooleanValue], [DateTimeValue], [DoubleValue]) 
	VALUES (N'RFGM_Grade_PS', N'Attribute', N'Grade', NULL, NULL, NULL, NULL)
INSERT [DataSeries].[SeriesTypeAttribute] ([SeriesTypeId], [Name], [StringValue], [IntegerValue], [BooleanValue], [DateTimeValue], [DoubleValue]) 
	VALUES (N'RFGM_Grade_PS', N'ByGrade', NULL, NULL, 1, NULL, NULL)
INSERT [DataSeries].[SeriesTypeAttribute] ([SeriesTypeId], [Name], [StringValue], [IntegerValue], [BooleanValue], [DateTimeValue], [DoubleValue]) 
	VALUES (N'RFGM_Grade_PS', N'ByMaterialType', NULL, NULL, 0, NULL, NULL)
INSERT [DataSeries].[SeriesTypeAttribute] ([SeriesTypeId], [Name], [StringValue], [IntegerValue], [BooleanValue], [DateTimeValue], [DoubleValue]) 
	VALUES (N'RFGM_Grade_PS', N'ByProductSize', NULL, NULL, 1, NULL, NULL)
INSERT [DataSeries].[SeriesTypeAttribute] ([SeriesTypeId], [Name], [StringValue], [IntegerValue], [BooleanValue], [DateTimeValue], [DoubleValue]) 
	VALUES	(N'RFGM_Grade_PS', N'CalculationId', N'RFGM', NULL, NULL, NULL, NULL)
INSERT	[DataSeries].[SeriesTypeAttribute] ([SeriesTypeId], [Name], [StringValue], [IntegerValue], [BooleanValue], [DateTimeValue], [DoubleValue]) 
	VALUES (N'RFGM_Grade_PS', N'DataRetrievalRequest_ProcessorFullyQualifiedName', N'Snowden.Consulting.DataSeries.Processing.PointRetrievalProcessor, Snowden.Consulting.DataSeries.Processing', NULL, NULL, NULL, NULL)
INSERT [DataSeries].[SeriesTypeAttribute] ([SeriesTypeId], [Name], [StringValue], [IntegerValue], [BooleanValue], [DateTimeValue], [DoubleValue]) 
	VALUES (N'RFGM_Grade_PS', N'LocationType', N'Pit and above', NULL, NULL, NULL, NULL)
INSERT [DataSeries].[SeriesTypeAttribute] ([SeriesTypeId], [Name], [StringValue], [IntegerValue], [BooleanValue], [DateTimeValue], [DoubleValue]) 
	VALUES (N'RFGM_Grade_PS', N'OutlierConfiguration_AbsoluteEnd', NULL, NULL, NULL, CAST(N'2060-01-01 00:00:00.000' AS DateTime), NULL)
INSERT [DataSeries].[SeriesTypeAttribute] ([SeriesTypeId], [Name], [StringValue], [IntegerValue], [BooleanValue], [DateTimeValue], [DoubleValue]) 
	VALUES (N'RFGM_Grade_PS', N'OutlierConfiguration_AbsoluteStart', NULL, NULL, NULL, CAST(N'2009-04-01 00:00:00.000' AS DateTime), NULL)
INSERT [DataSeries].[SeriesTypeAttribute] ([SeriesTypeId], [Name], [StringValue], [IntegerValue], [BooleanValue], [DateTimeValue], [DoubleValue]) 
	VALUES (N'RFGM_Grade_PS', N'OutlierConfiguration_Description', N'RFGM Grade by HUB and Product Size', NULL, NULL, NULL, NULL)
INSERT [DataSeries].[SeriesTypeAttribute] ([SeriesTypeId], [Name], [StringValue], [IntegerValue], [BooleanValue], [DateTimeValue], [DoubleValue]) 
	VALUES (N'RFGM_Grade_PS', N'OutlierConfiguration_IsActive', NULL, NULL, 1, NULL, NULL)
INSERT [DataSeries].[SeriesTypeAttribute] ([SeriesTypeId], [Name], [StringValue], [IntegerValue], [BooleanValue], [DateTimeValue], [DoubleValue]) 
	VALUES (N'RFGM_Grade_PS', N'OutlierConfiguration_MinimumDataPoints', NULL, 12, NULL, NULL, NULL)
INSERT [DataSeries].[SeriesTypeAttribute] ([SeriesTypeId], [Name], [StringValue], [IntegerValue], [BooleanValue], [DateTimeValue], [DoubleValue]) 
	VALUES (N'RFGM_Grade_PS', N'OutlierConfiguration_OutlierThreshold', NULL, NULL, NULL, NULL, 3)
INSERT [DataSeries].[SeriesTypeAttribute] ([SeriesTypeId], [Name], [StringValue], [IntegerValue], [BooleanValue], [DateTimeValue], [DoubleValue]) 
	VALUES (N'RFGM_Grade_PS', N'OutlierConfiguration_Priority', NULL, 3, NULL, NULL, NULL)
INSERT [DataSeries].[SeriesTypeAttribute] ([SeriesTypeId], [Name], [StringValue], [IntegerValue], [BooleanValue], [DateTimeValue], [DoubleValue]) 
	VALUES (N'RFGM_Grade_PS', N'OutlierConfiguration_ProjectedValueMethod', N'RollingAverage', NULL, NULL, NULL, NULL)
INSERT [DataSeries].[SeriesTypeAttribute] ([SeriesTypeId], [Name], [StringValue], [IntegerValue], [BooleanValue], [DateTimeValue], [DoubleValue]) 
	VALUES (N'RFGM_Grade_PS', N'OutlierConfiguration_RollingSeriesSize', NULL, 24, NULL, NULL, NULL)
INSERT [DataSeries].[SeriesTypeAttribute] ([SeriesTypeId], [Name], [StringValue], [IntegerValue], [BooleanValue], [DateTimeValue], [DoubleValue]) 
	VALUES (N'RFGM_Grade_PS', N'OutlierProcessRequest_ProcessorFullyQualifiedName', N'Snowden.Consulting.DataSeries.Processing.OutlierDetectionProcessor, Snowden.Consulting.DataSeries.Processing', NULL, NULL, NULL, NULL)
INSERT [DataSeries].[SeriesTypeAttribute] ([SeriesTypeId], [Name], [StringValue], [IntegerValue], [BooleanValue], [DateTimeValue], [DoubleValue]) 
	VALUES (N'RFGM_Grade_PS', N'RetrieverFullyQualifiedName', N'Snowden.Reconcilor.Bhpbio.DataSeries.ReportSeriesDataRetriever, Snowden.Reconcilor.Bhpbio.DataSeries', NULL, NULL, NULL, NULL)
INSERT [DataSeries].[SeriesTypeAttribute] ([SeriesTypeId], [Name], [StringValue], [IntegerValue], [BooleanValue], [DateTimeValue], [DoubleValue]) 
	VALUES (N'RFGM_Tonnes_PS', N'Attribute', N'Tonnes', NULL, NULL, NULL, NULL)
INSERT [DataSeries].[SeriesTypeAttribute] ([SeriesTypeId], [Name], [StringValue], [IntegerValue], [BooleanValue], [DateTimeValue], [DoubleValue]) 
	VALUES (N'RFGM_Tonnes_PS', N'ByMaterialType', NULL, NULL, 0, NULL, NULL)
INSERT [DataSeries].[SeriesTypeAttribute] ([SeriesTypeId], [Name], [StringValue], [IntegerValue], [BooleanValue], [DateTimeValue], [DoubleValue]) 
	VALUES (N'RFGM_Tonnes_PS', N'ByProductSize', NULL, NULL, 1, NULL, NULL)
INSERT [DataSeries].[SeriesTypeAttribute] ([SeriesTypeId], [Name], [StringValue], [IntegerValue], [BooleanValue], [DateTimeValue], [DoubleValue]) 
	VALUES (N'RFGM_Tonnes_PS', N'CalculationId', N'RFGM', NULL, NULL, NULL, NULL)
INSERT [DataSeries].[SeriesTypeAttribute] ([SeriesTypeId], [Name], [StringValue], [IntegerValue], [BooleanValue], [DateTimeValue], [DoubleValue]) 
	VALUES (N'RFGM_Tonnes_PS', N'DataRetrievalRequest_ProcessorFullyQualifiedName', N'Snowden.Consulting.DataSeries.Processing.PointRetrievalProcessor, Snowden.Consulting.DataSeries.Processing', NULL, NULL, NULL, NULL)
INSERT [DataSeries].[SeriesTypeAttribute] ([SeriesTypeId], [Name], [StringValue], [IntegerValue], [BooleanValue], [DateTimeValue], [DoubleValue]) 
	VALUES (N'RFGM_Tonnes_PS', N'LocationType', N'Pit and above', NULL, NULL, NULL, NULL)
INSERT [DataSeries].[SeriesTypeAttribute] ([SeriesTypeId], [Name], [StringValue], [IntegerValue], [BooleanValue], [DateTimeValue], [DoubleValue]) 
	VALUES (N'RFGM_Tonnes_PS', N'OutlierConfiguration_AbsoluteEnd', NULL, NULL, NULL, CAST(N'2060-01-01 00:00:00.000' AS DateTime), NULL)
INSERT [DataSeries].[SeriesTypeAttribute] ([SeriesTypeId], [Name], [StringValue], [IntegerValue], [BooleanValue], [DateTimeValue], [DoubleValue]) 
	VALUES (N'RFGM_Tonnes_PS', N'OutlierConfiguration_AbsoluteStart', NULL, NULL, NULL, CAST(N'2009-04-01 00:00:00.000' AS DateTime), NULL)
INSERT [DataSeries].[SeriesTypeAttribute] ([SeriesTypeId], [Name], [StringValue], [IntegerValue], [BooleanValue], [DateTimeValue], [DoubleValue]) 
	VALUES (N'RFGM_Tonnes_PS', N'OutlierConfiguration_Description', N'RFGM Tonnes by HUB and Product Size', NULL, NULL, NULL, NULL)
INSERT [DataSeries].[SeriesTypeAttribute] ([SeriesTypeId], [Name], [StringValue], [IntegerValue], [BooleanValue], [DateTimeValue], [DoubleValue]) 
	VALUES (N'RFGM_Tonnes_PS', N'OutlierConfiguration_IsActive', NULL, NULL, 1, NULL, NULL)
INSERT [DataSeries].[SeriesTypeAttribute] ([SeriesTypeId], [Name], [StringValue], [IntegerValue], [BooleanValue], [DateTimeValue], [DoubleValue]) 
	VALUES (N'RFGM_Tonnes_PS', N'OutlierConfiguration_MinimumDataPoints', NULL, 12, NULL, NULL, NULL)
INSERT [DataSeries].[SeriesTypeAttribute] ([SeriesTypeId], [Name], [StringValue], [IntegerValue], [BooleanValue], [DateTimeValue], [DoubleValue]) 
	VALUES (N'RFGM_Tonnes_PS', N'OutlierConfiguration_OutlierThreshold', NULL, NULL, NULL, NULL, 3)
INSERT [DataSeries].[SeriesTypeAttribute] ([SeriesTypeId], [Name], [StringValue], [IntegerValue], [BooleanValue], [DateTimeValue], [DoubleValue]) 
	VALUES (N'RFGM_Tonnes_PS', N'OutlierConfiguration_Priority', NULL, 1, NULL, NULL, NULL)
INSERT [DataSeries].[SeriesTypeAttribute] ([SeriesTypeId], [Name], [StringValue], [IntegerValue], [BooleanValue], [DateTimeValue], [DoubleValue]) 
	VALUES (N'RFGM_Tonnes_PS', N'OutlierConfiguration_ProjectedValueMethod', N'RollingAverage', NULL, NULL, NULL, NULL)
INSERT [DataSeries].[SeriesTypeAttribute] ([SeriesTypeId], [Name], [StringValue], [IntegerValue], [BooleanValue], [DateTimeValue], [DoubleValue]) 
	VALUES (N'RFGM_Tonnes_PS', N'OutlierConfiguration_RollingSeriesSize', NULL, 24, NULL, NULL, NULL)
INSERT [DataSeries].[SeriesTypeAttribute] ([SeriesTypeId], [Name], [StringValue], [IntegerValue], [BooleanValue], [DateTimeValue], [DoubleValue]) 
	VALUES (N'RFGM_Tonnes_PS', N'OutlierProcessRequest_ProcessorFullyQualifiedName', N'Snowden.Consulting.DataSeries.Processing.OutlierDetectionProcessor, Snowden.Consulting.DataSeries.Processing', NULL, NULL, NULL, NULL)
INSERT [DataSeries].[SeriesTypeAttribute] ([SeriesTypeId], [Name], [StringValue], [IntegerValue], [BooleanValue], [DateTimeValue], [DoubleValue]) 
	VALUES (N'RFGM_Tonnes_PS', N'RetrieverFullyQualifiedName', N'Snowden.Reconcilor.Bhpbio.DataSeries.ReportSeriesDataRetriever, Snowden.Reconcilor.Bhpbio.DataSeries', NULL, NULL, NULL, NULL)
	



--	RFMM
--	[DataSeries].[SeriesType]
INSERT [DataSeries].[SeriesType] ([Id], [Name], [IsDependant], [IsActive]) 
	VALUES (N'RFMM_Fe_PS', N'RFMM Fe by Location and Product Size', 0, 1)
INSERT [DataSeries].[SeriesType] ([Id], [Name], [IsDependant], [IsActive]) 
	VALUES (N'RFMM_Grade_PS', N'RFMM Grade by Location and Product Size', 0, 1)
INSERT [DataSeries].[SeriesType] ([Id], [Name], [IsDependant], [IsActive]) 
	VALUES (N'RFMM_Tonnes_PS', N'RFMM Tonnes by Location and Product Size', 0, 1)

INSERT INTO [DataSeries].[SeriesTypeGroupMembership](SeriesTypeId, SeriesTypeGroupId)
	VALUES ('RFMM_Fe_PS', 'DataRetrievalGroup')
INSERT INTO [DataSeries].[SeriesTypeGroupMembership](SeriesTypeId, SeriesTypeGroupId)
	VALUES ('RFMM_Fe_PS', 'OutlierAnalysisRFMMFactor')
INSERT INTO [DataSeries].[SeriesTypeGroupMembership](SeriesTypeId, SeriesTypeGroupId)
	VALUES ('RFMM_Fe_PS', 'OutlierAnalysisRFMMFactorOnly')
INSERT INTO [DataSeries].[SeriesTypeGroupMembership](SeriesTypeId, SeriesTypeGroupId)
	VALUES ('RFMM_Fe_PS', 'OutlierSeriesTypeGroup')

INSERT INTO [DataSeries].[SeriesTypeGroupMembership](SeriesTypeId, SeriesTypeGroupId)
	VALUES ('RFMM_Grade_PS', 'DataRetrievalGroup')
INSERT INTO [DataSeries].[SeriesTypeGroupMembership](SeriesTypeId, SeriesTypeGroupId)
	VALUES ('RFMM_Grade_PS', 'OutlierAnalysisRFMMFactor')
INSERT INTO [DataSeries].[SeriesTypeGroupMembership](SeriesTypeId, SeriesTypeGroupId)
	VALUES ('RFMM_Grade_PS', 'OutlierAnalysisRFMMFactorOnly')
INSERT INTO [DataSeries].[SeriesTypeGroupMembership](SeriesTypeId, SeriesTypeGroupId)
	VALUES ('RFMM_Grade_PS', 'OutlierSeriesTypeGroup')

INSERT INTO [DataSeries].[SeriesTypeGroupMembership](SeriesTypeId, SeriesTypeGroupId)
	VALUES ('RFMM_Tonnes_PS', 'DataRetrievalGroup')
INSERT INTO [DataSeries].[SeriesTypeGroupMembership](SeriesTypeId, SeriesTypeGroupId)
	VALUES ('RFMM_Tonnes_PS', 'OutlierAnalysisRFMMFactor')
INSERT INTO [DataSeries].[SeriesTypeGroupMembership](SeriesTypeId, SeriesTypeGroupId)
	VALUES ('RFMM_Tonnes_PS', 'OutlierAnalysisRFMMFactorOnly')
INSERT INTO [DataSeries].[SeriesTypeGroupMembership](SeriesTypeId, SeriesTypeGroupId)
	VALUES ('RFMM_Tonnes_PS', 'OutlierSeriesTypeGroup')

--	[DataSeries].[SeriesTypeAttribute]
INSERT [DataSeries].[SeriesTypeAttribute] ([SeriesTypeId], [Name], [StringValue], [IntegerValue], [BooleanValue], [DateTimeValue], [DoubleValue]) 
	VALUES (N'RFMM_Fe_PS', N'Attribute', N'Fe', NULL, NULL, NULL, NULL)
INSERT [DataSeries].[SeriesTypeAttribute] ([SeriesTypeId], [Name], [StringValue], [IntegerValue], [BooleanValue], [DateTimeValue], [DoubleValue])
	VALUES (N'RFMM_Fe_PS', N'ByGrade', NULL, NULL, 1, NULL, NULL)
INSERT [DataSeries].[SeriesTypeAttribute] ([SeriesTypeId], [Name], [StringValue], [IntegerValue], [BooleanValue], [DateTimeValue], [DoubleValue]) 
	VALUES (N'RFMM_Fe_PS', N'ByMaterialType', NULL, NULL, 0, NULL, NULL)
INSERT [DataSeries].[SeriesTypeAttribute] ([SeriesTypeId], [Name], [StringValue], [IntegerValue], [BooleanValue], [DateTimeValue], [DoubleValue]) 
	VALUES (N'RFMM_Fe_PS', N'ByProductSize', NULL, NULL, 1, NULL, NULL)
INSERT [DataSeries].[SeriesTypeAttribute] ([SeriesTypeId], [Name], [StringValue], [IntegerValue], [BooleanValue], [DateTimeValue], [DoubleValue]) 
	VALUES (N'RFMM_Fe_PS', N'CalculationId', N'RFMM', NULL, NULL, NULL, NULL)
INSERT [DataSeries].[SeriesTypeAttribute] ([SeriesTypeId], [Name], [StringValue], [IntegerValue], [BooleanValue], [DateTimeValue], [DoubleValue]) 
	VALUES (N'RFMM_Fe_PS', N'DataRetrievalRequest_ProcessorFullyQualifiedName', N'Snowden.Consulting.DataSeries.Processing.PointRetrievalProcessor, Snowden.Consulting.DataSeries.Processing', NULL, NULL, NULL, NULL)
INSERT [DataSeries].[SeriesTypeAttribute] ([SeriesTypeId], [Name], [StringValue], [IntegerValue], [BooleanValue], [DateTimeValue], [DoubleValue]) 
	VALUES (N'RFMM_Fe_PS', N'LocationType', N'Pit and above', NULL, NULL, NULL, NULL)
INSERT [DataSeries].[SeriesTypeAttribute] ([SeriesTypeId], [Name], [StringValue], [IntegerValue], [BooleanValue], [DateTimeValue], [DoubleValue]) 
	VALUES (N'RFMM_Fe_PS', N'OutlierConfiguration_AbsoluteEnd', NULL, NULL, NULL, CAST(N'2060-01-01 00:00:00.000' AS DateTime), NULL)
INSERT [DataSeries].[SeriesTypeAttribute] ([SeriesTypeId], [Name], [StringValue], [IntegerValue], [BooleanValue], [DateTimeValue], [DoubleValue]) 
	VALUES (N'RFMM_Fe_PS', N'OutlierConfiguration_AbsoluteStart', NULL, NULL, NULL, CAST(N'2009-04-01 00:00:00.000' AS DateTime), NULL)
INSERT [DataSeries].[SeriesTypeAttribute] ([SeriesTypeId], [Name], [StringValue], [IntegerValue], [BooleanValue], [DateTimeValue], [DoubleValue]) 
	VALUES (N'RFMM_Fe_PS', N'OutlierConfiguration_Description', N'RFMM Fe by HUB and Product Size', NULL, NULL, NULL, NULL)
INSERT [DataSeries].[SeriesTypeAttribute] ([SeriesTypeId], [Name], [StringValue], [IntegerValue], [BooleanValue], [DateTimeValue], [DoubleValue]) 
	VALUES (N'RFMM_Fe_PS', N'OutlierConfiguration_IsActive', NULL, NULL, 1, NULL, NULL)
INSERT [DataSeries].[SeriesTypeAttribute] ([SeriesTypeId], [Name], [StringValue], [IntegerValue], [BooleanValue], [DateTimeValue], [DoubleValue]) 
	VALUES (N'RFMM_Fe_PS', N'OutlierConfiguration_MinimumDataPoints', NULL, 12, NULL, NULL, NULL)
INSERT [DataSeries].[SeriesTypeAttribute] ([SeriesTypeId], [Name], [StringValue], [IntegerValue], [BooleanValue], [DateTimeValue], [DoubleValue]) 
	VALUES (N'RFMM_Fe_PS', N'OutlierConfiguration_OutlierThreshold', NULL, NULL, NULL, NULL, 3)
INSERT [DataSeries].[SeriesTypeAttribute] ([SeriesTypeId], [Name], [StringValue], [IntegerValue], [BooleanValue], [DateTimeValue], [DoubleValue]) 
	VALUES (N'RFMM_Fe_PS', N'OutlierConfiguration_Priority', NULL, 2, NULL, NULL, NULL)
INSERT [DataSeries].[SeriesTypeAttribute] ([SeriesTypeId], [Name], [StringValue], [IntegerValue], [BooleanValue], [DateTimeValue], [DoubleValue]) 
	VALUES (N'RFMM_Fe_PS', N'OutlierConfiguration_ProjectedValueMethod', N'RollingAverage', NULL, NULL, NULL, NULL)
INSERT [DataSeries].[SeriesTypeAttribute] ([SeriesTypeId], [Name], [StringValue], [IntegerValue], [BooleanValue], [DateTimeValue], [DoubleValue]) 
	VALUES (N'RFMM_Fe_PS', N'OutlierConfiguration_RollingSeriesSize', NULL, 24, NULL, NULL, NULL)
INSERT [DataSeries].[SeriesTypeAttribute] ([SeriesTypeId], [Name], [StringValue], [IntegerValue], [BooleanValue], [DateTimeValue], [DoubleValue]) 
	VALUES (N'RFMM_Fe_PS', N'OutlierProcessRequest_ProcessorFullyQualifiedName', N'Snowden.Consulting.DataSeries.Processing.OutlierDetectionProcessor, Snowden.Consulting.DataSeries.Processing', NULL, NULL, NULL, NULL)
INSERT [DataSeries].[SeriesTypeAttribute] ([SeriesTypeId], [Name], [StringValue], [IntegerValue], [BooleanValue], [DateTimeValue], [DoubleValue]) 
	VALUES (N'RFMM_Fe_PS', N'RetrieverFullyQualifiedName', N'Snowden.Reconcilor.Bhpbio.DataSeries.ReportSeriesDataRetriever, Snowden.Reconcilor.Bhpbio.DataSeries', NULL, NULL, NULL, NULL)
INSERT [DataSeries].[SeriesTypeAttribute] ([SeriesTypeId], [Name], [StringValue], [IntegerValue], [BooleanValue], [DateTimeValue], [DoubleValue]) 
	VALUES (N'RFMM_Grade_PS', N'Attribute', N'Grade', NULL, NULL, NULL, NULL)
INSERT [DataSeries].[SeriesTypeAttribute] ([SeriesTypeId], [Name], [StringValue], [IntegerValue], [BooleanValue], [DateTimeValue], [DoubleValue]) 
	VALUES (N'RFMM_Grade_PS', N'ByGrade', NULL, NULL, 1, NULL, NULL)
INSERT [DataSeries].[SeriesTypeAttribute] ([SeriesTypeId], [Name], [StringValue], [IntegerValue], [BooleanValue], [DateTimeValue], [DoubleValue]) 
	VALUES (N'RFMM_Grade_PS', N'ByMaterialType', NULL, NULL, 0, NULL, NULL)
INSERT [DataSeries].[SeriesTypeAttribute] ([SeriesTypeId], [Name], [StringValue], [IntegerValue], [BooleanValue], [DateTimeValue], [DoubleValue]) 
	VALUES (N'RFMM_Grade_PS', N'ByProductSize', NULL, NULL, 1, NULL, NULL)
INSERT [DataSeries].[SeriesTypeAttribute] ([SeriesTypeId], [Name], [StringValue], [IntegerValue], [BooleanValue], [DateTimeValue], [DoubleValue]) 
	VALUES	(N'RFMM_Grade_PS', N'CalculationId', N'RFMM', NULL, NULL, NULL, NULL)
INSERT	[DataSeries].[SeriesTypeAttribute] ([SeriesTypeId], [Name], [StringValue], [IntegerValue], [BooleanValue], [DateTimeValue], [DoubleValue]) 
	VALUES (N'RFMM_Grade_PS', N'DataRetrievalRequest_ProcessorFullyQualifiedName', N'Snowden.Consulting.DataSeries.Processing.PointRetrievalProcessor, Snowden.Consulting.DataSeries.Processing', NULL, NULL, NULL, NULL)
INSERT [DataSeries].[SeriesTypeAttribute] ([SeriesTypeId], [Name], [StringValue], [IntegerValue], [BooleanValue], [DateTimeValue], [DoubleValue]) 
	VALUES (N'RFMM_Grade_PS', N'LocationType', N'Pit and above', NULL, NULL, NULL, NULL)
INSERT [DataSeries].[SeriesTypeAttribute] ([SeriesTypeId], [Name], [StringValue], [IntegerValue], [BooleanValue], [DateTimeValue], [DoubleValue]) 
	VALUES (N'RFMM_Grade_PS', N'OutlierConfiguration_AbsoluteEnd', NULL, NULL, NULL, CAST(N'2060-01-01 00:00:00.000' AS DateTime), NULL)
INSERT [DataSeries].[SeriesTypeAttribute] ([SeriesTypeId], [Name], [StringValue], [IntegerValue], [BooleanValue], [DateTimeValue], [DoubleValue]) 
	VALUES (N'RFMM_Grade_PS', N'OutlierConfiguration_AbsoluteStart', NULL, NULL, NULL, CAST(N'2009-04-01 00:00:00.000' AS DateTime), NULL)
INSERT [DataSeries].[SeriesTypeAttribute] ([SeriesTypeId], [Name], [StringValue], [IntegerValue], [BooleanValue], [DateTimeValue], [DoubleValue]) 
	VALUES (N'RFMM_Grade_PS', N'OutlierConfiguration_Description', N'RFMM Grade by HUB and Product Size', NULL, NULL, NULL, NULL)
INSERT [DataSeries].[SeriesTypeAttribute] ([SeriesTypeId], [Name], [StringValue], [IntegerValue], [BooleanValue], [DateTimeValue], [DoubleValue]) 
	VALUES (N'RFMM_Grade_PS', N'OutlierConfiguration_IsActive', NULL, NULL, 1, NULL, NULL)
INSERT [DataSeries].[SeriesTypeAttribute] ([SeriesTypeId], [Name], [StringValue], [IntegerValue], [BooleanValue], [DateTimeValue], [DoubleValue]) 
	VALUES (N'RFMM_Grade_PS', N'OutlierConfiguration_MinimumDataPoints', NULL, 12, NULL, NULL, NULL)
INSERT [DataSeries].[SeriesTypeAttribute] ([SeriesTypeId], [Name], [StringValue], [IntegerValue], [BooleanValue], [DateTimeValue], [DoubleValue]) 
	VALUES (N'RFMM_Grade_PS', N'OutlierConfiguration_OutlierThreshold', NULL, NULL, NULL, NULL, 3)
INSERT [DataSeries].[SeriesTypeAttribute] ([SeriesTypeId], [Name], [StringValue], [IntegerValue], [BooleanValue], [DateTimeValue], [DoubleValue]) 
	VALUES (N'RFMM_Grade_PS', N'OutlierConfiguration_Priority', NULL, 3, NULL, NULL, NULL)
INSERT [DataSeries].[SeriesTypeAttribute] ([SeriesTypeId], [Name], [StringValue], [IntegerValue], [BooleanValue], [DateTimeValue], [DoubleValue]) 
	VALUES (N'RFMM_Grade_PS', N'OutlierConfiguration_ProjectedValueMethod', N'RollingAverage', NULL, NULL, NULL, NULL)
INSERT [DataSeries].[SeriesTypeAttribute] ([SeriesTypeId], [Name], [StringValue], [IntegerValue], [BooleanValue], [DateTimeValue], [DoubleValue]) 
	VALUES (N'RFMM_Grade_PS', N'OutlierConfiguration_RollingSeriesSize', NULL, 24, NULL, NULL, NULL)
INSERT [DataSeries].[SeriesTypeAttribute] ([SeriesTypeId], [Name], [StringValue], [IntegerValue], [BooleanValue], [DateTimeValue], [DoubleValue]) 
	VALUES (N'RFMM_Grade_PS', N'OutlierProcessRequest_ProcessorFullyQualifiedName', N'Snowden.Consulting.DataSeries.Processing.OutlierDetectionProcessor, Snowden.Consulting.DataSeries.Processing', NULL, NULL, NULL, NULL)
INSERT [DataSeries].[SeriesTypeAttribute] ([SeriesTypeId], [Name], [StringValue], [IntegerValue], [BooleanValue], [DateTimeValue], [DoubleValue]) 
	VALUES (N'RFMM_Grade_PS', N'RetrieverFullyQualifiedName', N'Snowden.Reconcilor.Bhpbio.DataSeries.ReportSeriesDataRetriever, Snowden.Reconcilor.Bhpbio.DataSeries', NULL, NULL, NULL, NULL)
INSERT [DataSeries].[SeriesTypeAttribute] ([SeriesTypeId], [Name], [StringValue], [IntegerValue], [BooleanValue], [DateTimeValue], [DoubleValue]) 
	VALUES (N'RFMM_Tonnes_PS', N'Attribute', N'Tonnes', NULL, NULL, NULL, NULL)
INSERT [DataSeries].[SeriesTypeAttribute] ([SeriesTypeId], [Name], [StringValue], [IntegerValue], [BooleanValue], [DateTimeValue], [DoubleValue]) 
	VALUES (N'RFMM_Tonnes_PS', N'ByMaterialType', NULL, NULL, 0, NULL, NULL)
INSERT [DataSeries].[SeriesTypeAttribute] ([SeriesTypeId], [Name], [StringValue], [IntegerValue], [BooleanValue], [DateTimeValue], [DoubleValue]) 
	VALUES (N'RFMM_Tonnes_PS', N'ByProductSize', NULL, NULL, 1, NULL, NULL)
INSERT [DataSeries].[SeriesTypeAttribute] ([SeriesTypeId], [Name], [StringValue], [IntegerValue], [BooleanValue], [DateTimeValue], [DoubleValue]) 
	VALUES (N'RFMM_Tonnes_PS', N'CalculationId', N'RFMM', NULL, NULL, NULL, NULL)
INSERT [DataSeries].[SeriesTypeAttribute] ([SeriesTypeId], [Name], [StringValue], [IntegerValue], [BooleanValue], [DateTimeValue], [DoubleValue]) 
	VALUES (N'RFMM_Tonnes_PS', N'DataRetrievalRequest_ProcessorFullyQualifiedName', N'Snowden.Consulting.DataSeries.Processing.PointRetrievalProcessor, Snowden.Consulting.DataSeries.Processing', NULL, NULL, NULL, NULL)
INSERT [DataSeries].[SeriesTypeAttribute] ([SeriesTypeId], [Name], [StringValue], [IntegerValue], [BooleanValue], [DateTimeValue], [DoubleValue]) 
	VALUES (N'RFMM_Tonnes_PS', N'LocationType', N'Pit and above', NULL, NULL, NULL, NULL)
INSERT [DataSeries].[SeriesTypeAttribute] ([SeriesTypeId], [Name], [StringValue], [IntegerValue], [BooleanValue], [DateTimeValue], [DoubleValue]) 
	VALUES (N'RFMM_Tonnes_PS', N'OutlierConfiguration_AbsoluteEnd', NULL, NULL, NULL, CAST(N'2060-01-01 00:00:00.000' AS DateTime), NULL)
INSERT [DataSeries].[SeriesTypeAttribute] ([SeriesTypeId], [Name], [StringValue], [IntegerValue], [BooleanValue], [DateTimeValue], [DoubleValue]) 
	VALUES (N'RFMM_Tonnes_PS', N'OutlierConfiguration_AbsoluteStart', NULL, NULL, NULL, CAST(N'2009-04-01 00:00:00.000' AS DateTime), NULL)
INSERT [DataSeries].[SeriesTypeAttribute] ([SeriesTypeId], [Name], [StringValue], [IntegerValue], [BooleanValue], [DateTimeValue], [DoubleValue]) 
	VALUES (N'RFMM_Tonnes_PS', N'OutlierConfiguration_Description', N'RFMM Tonnes by HUB and Product Size', NULL, NULL, NULL, NULL)
INSERT [DataSeries].[SeriesTypeAttribute] ([SeriesTypeId], [Name], [StringValue], [IntegerValue], [BooleanValue], [DateTimeValue], [DoubleValue]) 
	VALUES (N'RFMM_Tonnes_PS', N'OutlierConfiguration_IsActive', NULL, NULL, 1, NULL, NULL)
INSERT [DataSeries].[SeriesTypeAttribute] ([SeriesTypeId], [Name], [StringValue], [IntegerValue], [BooleanValue], [DateTimeValue], [DoubleValue]) 
	VALUES (N'RFMM_Tonnes_PS', N'OutlierConfiguration_MinimumDataPoints', NULL, 12, NULL, NULL, NULL)
INSERT [DataSeries].[SeriesTypeAttribute] ([SeriesTypeId], [Name], [StringValue], [IntegerValue], [BooleanValue], [DateTimeValue], [DoubleValue]) 
	VALUES (N'RFMM_Tonnes_PS', N'OutlierConfiguration_OutlierThreshold', NULL, NULL, NULL, NULL, 3)
INSERT [DataSeries].[SeriesTypeAttribute] ([SeriesTypeId], [Name], [StringValue], [IntegerValue], [BooleanValue], [DateTimeValue], [DoubleValue]) 
	VALUES (N'RFMM_Tonnes_PS', N'OutlierConfiguration_Priority', NULL, 1, NULL, NULL, NULL)
INSERT [DataSeries].[SeriesTypeAttribute] ([SeriesTypeId], [Name], [StringValue], [IntegerValue], [BooleanValue], [DateTimeValue], [DoubleValue]) 
	VALUES (N'RFMM_Tonnes_PS', N'OutlierConfiguration_ProjectedValueMethod', N'RollingAverage', NULL, NULL, NULL, NULL)
INSERT [DataSeries].[SeriesTypeAttribute] ([SeriesTypeId], [Name], [StringValue], [IntegerValue], [BooleanValue], [DateTimeValue], [DoubleValue]) 
	VALUES (N'RFMM_Tonnes_PS', N'OutlierConfiguration_RollingSeriesSize', NULL, 24, NULL, NULL, NULL)
INSERT [DataSeries].[SeriesTypeAttribute] ([SeriesTypeId], [Name], [StringValue], [IntegerValue], [BooleanValue], [DateTimeValue], [DoubleValue]) 
	VALUES (N'RFMM_Tonnes_PS', N'OutlierProcessRequest_ProcessorFullyQualifiedName', N'Snowden.Consulting.DataSeries.Processing.OutlierDetectionProcessor, Snowden.Consulting.DataSeries.Processing', NULL, NULL, NULL, NULL)
INSERT [DataSeries].[SeriesTypeAttribute] ([SeriesTypeId], [Name], [StringValue], [IntegerValue], [BooleanValue], [DateTimeValue], [DoubleValue]) 
	VALUES (N'RFMM_Tonnes_PS', N'RetrieverFullyQualifiedName', N'Snowden.Reconcilor.Bhpbio.DataSeries.ReportSeriesDataRetriever, Snowden.Reconcilor.Bhpbio.DataSeries', NULL, NULL, NULL, NULL)
	



--	RFSTM
--	[DataSeries].[SeriesType]
INSERT [DataSeries].[SeriesType] ([Id], [Name], [IsDependant], [IsActive]) 
	VALUES (N'RFSTM_Fe_PS', N'RFSTM Fe by Location and Product Size', 0, 1)
INSERT [DataSeries].[SeriesType] ([Id], [Name], [IsDependant], [IsActive]) 
	VALUES (N'RFSTM_Grade_PS', N'RFSTM Grade by Location and Product Size', 0, 1)
INSERT [DataSeries].[SeriesType] ([Id], [Name], [IsDependant], [IsActive]) 
	VALUES (N'RFSTM_Tonnes_PS', N'RFSTM Tonnes by Location and Product Size', 0, 1)


INSERT INTO [DataSeries].[SeriesTypeGroupMembership](SeriesTypeId, SeriesTypeGroupId)
	VALUES ('RFSTM_Fe_PS', 'DataRetrievalGroup')
INSERT INTO [DataSeries].[SeriesTypeGroupMembership](SeriesTypeId, SeriesTypeGroupId)
	VALUES ('RFSTM_Fe_PS', 'OutlierAnalysisRFSTMFactor')
INSERT INTO [DataSeries].[SeriesTypeGroupMembership](SeriesTypeId, SeriesTypeGroupId)
	VALUES ('RFSTM_Fe_PS', 'OutlierAnalysisRFSTMFactorOnly')
INSERT INTO [DataSeries].[SeriesTypeGroupMembership](SeriesTypeId, SeriesTypeGroupId)
	VALUES ('RFSTM_Fe_PS', 'OutlierSeriesTypeGroup')

INSERT INTO [DataSeries].[SeriesTypeGroupMembership](SeriesTypeId, SeriesTypeGroupId)
	VALUES ('RFSTM_Grade_PS', 'DataRetrievalGroup')
INSERT INTO [DataSeries].[SeriesTypeGroupMembership](SeriesTypeId, SeriesTypeGroupId)
	VALUES ('RFSTM_Grade_PS', 'OutlierAnalysisRFSTMFactor')
INSERT INTO [DataSeries].[SeriesTypeGroupMembership](SeriesTypeId, SeriesTypeGroupId)
	VALUES ('RFSTM_Grade_PS', 'OutlierAnalysisRFSTMFactorOnly')
INSERT INTO [DataSeries].[SeriesTypeGroupMembership](SeriesTypeId, SeriesTypeGroupId)
	VALUES ('RFSTM_Grade_PS', 'OutlierSeriesTypeGroup')

INSERT INTO [DataSeries].[SeriesTypeGroupMembership](SeriesTypeId, SeriesTypeGroupId)
	VALUES ('RFSTM_Tonnes_PS', 'DataRetrievalGroup')
INSERT INTO [DataSeries].[SeriesTypeGroupMembership](SeriesTypeId, SeriesTypeGroupId)
	VALUES ('RFSTM_Tonnes_PS', 'OutlierAnalysisRFSTMFactor')
INSERT INTO [DataSeries].[SeriesTypeGroupMembership](SeriesTypeId, SeriesTypeGroupId)
	VALUES ('RFSTM_Tonnes_PS', 'OutlierAnalysisRFSTMFactorOnly')
INSERT INTO [DataSeries].[SeriesTypeGroupMembership](SeriesTypeId, SeriesTypeGroupId)
	VALUES ('RFSTM_Tonnes_PS', 'OutlierSeriesTypeGroup')

--	[DataSeries].[SeriesTypeAttribute]
INSERT [DataSeries].[SeriesTypeAttribute] ([SeriesTypeId], [Name], [StringValue], [IntegerValue], [BooleanValue], [DateTimeValue], [DoubleValue]) 
	VALUES (N'RFSTM_Fe_PS', N'Attribute', N'Fe', NULL, NULL, NULL, NULL)
INSERT [DataSeries].[SeriesTypeAttribute] ([SeriesTypeId], [Name], [StringValue], [IntegerValue], [BooleanValue], [DateTimeValue], [DoubleValue])
	VALUES (N'RFSTM_Fe_PS', N'ByGrade', NULL, NULL, 1, NULL, NULL)
INSERT [DataSeries].[SeriesTypeAttribute] ([SeriesTypeId], [Name], [StringValue], [IntegerValue], [BooleanValue], [DateTimeValue], [DoubleValue]) 
	VALUES (N'RFSTM_Fe_PS', N'ByMaterialType', NULL, NULL, 0, NULL, NULL)
INSERT [DataSeries].[SeriesTypeAttribute] ([SeriesTypeId], [Name], [StringValue], [IntegerValue], [BooleanValue], [DateTimeValue], [DoubleValue]) 
	VALUES (N'RFSTM_Fe_PS', N'ByProductSize', NULL, NULL, 1, NULL, NULL)
INSERT [DataSeries].[SeriesTypeAttribute] ([SeriesTypeId], [Name], [StringValue], [IntegerValue], [BooleanValue], [DateTimeValue], [DoubleValue]) 
	VALUES (N'RFSTM_Fe_PS', N'CalculationId', N'RFSTM', NULL, NULL, NULL, NULL)
INSERT [DataSeries].[SeriesTypeAttribute] ([SeriesTypeId], [Name], [StringValue], [IntegerValue], [BooleanValue], [DateTimeValue], [DoubleValue]) 
	VALUES (N'RFSTM_Fe_PS', N'DataRetrievalRequest_ProcessorFullyQualifiedName', N'Snowden.Consulting.DataSeries.Processing.PointRetrievalProcessor, Snowden.Consulting.DataSeries.Processing', NULL, NULL, NULL, NULL)
INSERT [DataSeries].[SeriesTypeAttribute] ([SeriesTypeId], [Name], [StringValue], [IntegerValue], [BooleanValue], [DateTimeValue], [DoubleValue]) 
	VALUES (N'RFSTM_Fe_PS', N'LocationType', N'Pit and above', NULL, NULL, NULL, NULL)
INSERT [DataSeries].[SeriesTypeAttribute] ([SeriesTypeId], [Name], [StringValue], [IntegerValue], [BooleanValue], [DateTimeValue], [DoubleValue]) 
	VALUES (N'RFSTM_Fe_PS', N'OutlierConfiguration_AbsoluteEnd', NULL, NULL, NULL, CAST(N'2060-01-01 00:00:00.000' AS DateTime), NULL)
INSERT [DataSeries].[SeriesTypeAttribute] ([SeriesTypeId], [Name], [StringValue], [IntegerValue], [BooleanValue], [DateTimeValue], [DoubleValue]) 
	VALUES (N'RFSTM_Fe_PS', N'OutlierConfiguration_AbsoluteStart', NULL, NULL, NULL, CAST(N'2009-04-01 00:00:00.000' AS DateTime), NULL)
INSERT [DataSeries].[SeriesTypeAttribute] ([SeriesTypeId], [Name], [StringValue], [IntegerValue], [BooleanValue], [DateTimeValue], [DoubleValue]) 
	VALUES (N'RFSTM_Fe_PS', N'OutlierConfiguration_Description', N'RFSTM Fe by HUB and Product Size', NULL, NULL, NULL, NULL)
INSERT [DataSeries].[SeriesTypeAttribute] ([SeriesTypeId], [Name], [StringValue], [IntegerValue], [BooleanValue], [DateTimeValue], [DoubleValue]) 
	VALUES (N'RFSTM_Fe_PS', N'OutlierConfiguration_IsActive', NULL, NULL, 1, NULL, NULL)
INSERT [DataSeries].[SeriesTypeAttribute] ([SeriesTypeId], [Name], [StringValue], [IntegerValue], [BooleanValue], [DateTimeValue], [DoubleValue]) 
	VALUES (N'RFSTM_Fe_PS', N'OutlierConfiguration_MinimumDataPoints', NULL, 12, NULL, NULL, NULL)
INSERT [DataSeries].[SeriesTypeAttribute] ([SeriesTypeId], [Name], [StringValue], [IntegerValue], [BooleanValue], [DateTimeValue], [DoubleValue]) 
	VALUES (N'RFSTM_Fe_PS', N'OutlierConfiguration_OutlierThreshold', NULL, NULL, NULL, NULL, 3)
INSERT [DataSeries].[SeriesTypeAttribute] ([SeriesTypeId], [Name], [StringValue], [IntegerValue], [BooleanValue], [DateTimeValue], [DoubleValue]) 
	VALUES (N'RFSTM_Fe_PS', N'OutlierConfiguration_Priority', NULL, 2, NULL, NULL, NULL)
INSERT [DataSeries].[SeriesTypeAttribute] ([SeriesTypeId], [Name], [StringValue], [IntegerValue], [BooleanValue], [DateTimeValue], [DoubleValue]) 
	VALUES (N'RFSTM_Fe_PS', N'OutlierConfiguration_ProjectedValueMethod', N'RollingAverage', NULL, NULL, NULL, NULL)
INSERT [DataSeries].[SeriesTypeAttribute] ([SeriesTypeId], [Name], [StringValue], [IntegerValue], [BooleanValue], [DateTimeValue], [DoubleValue]) 
	VALUES (N'RFSTM_Fe_PS', N'OutlierConfiguration_RollingSeriesSize', NULL, 24, NULL, NULL, NULL)
INSERT [DataSeries].[SeriesTypeAttribute] ([SeriesTypeId], [Name], [StringValue], [IntegerValue], [BooleanValue], [DateTimeValue], [DoubleValue]) 
	VALUES (N'RFSTM_Fe_PS', N'OutlierProcessRequest_ProcessorFullyQualifiedName', N'Snowden.Consulting.DataSeries.Processing.OutlierDetectionProcessor, Snowden.Consulting.DataSeries.Processing', NULL, NULL, NULL, NULL)
INSERT [DataSeries].[SeriesTypeAttribute] ([SeriesTypeId], [Name], [StringValue], [IntegerValue], [BooleanValue], [DateTimeValue], [DoubleValue]) 
	VALUES (N'RFSTM_Fe_PS', N'RetrieverFullyQualifiedName', N'Snowden.Reconcilor.Bhpbio.DataSeries.ReportSeriesDataRetriever, Snowden.Reconcilor.Bhpbio.DataSeries', NULL, NULL, NULL, NULL)
INSERT [DataSeries].[SeriesTypeAttribute] ([SeriesTypeId], [Name], [StringValue], [IntegerValue], [BooleanValue], [DateTimeValue], [DoubleValue]) 
	VALUES (N'RFSTM_Grade_PS', N'Attribute', N'Grade', NULL, NULL, NULL, NULL)
INSERT [DataSeries].[SeriesTypeAttribute] ([SeriesTypeId], [Name], [StringValue], [IntegerValue], [BooleanValue], [DateTimeValue], [DoubleValue]) 
	VALUES (N'RFSTM_Grade_PS', N'ByGrade', NULL, NULL, 1, NULL, NULL)
INSERT [DataSeries].[SeriesTypeAttribute] ([SeriesTypeId], [Name], [StringValue], [IntegerValue], [BooleanValue], [DateTimeValue], [DoubleValue]) 
	VALUES (N'RFSTM_Grade_PS', N'ByMaterialType', NULL, NULL, 0, NULL, NULL)
INSERT [DataSeries].[SeriesTypeAttribute] ([SeriesTypeId], [Name], [StringValue], [IntegerValue], [BooleanValue], [DateTimeValue], [DoubleValue]) 
	VALUES (N'RFSTM_Grade_PS', N'ByProductSize', NULL, NULL, 1, NULL, NULL)
INSERT [DataSeries].[SeriesTypeAttribute] ([SeriesTypeId], [Name], [StringValue], [IntegerValue], [BooleanValue], [DateTimeValue], [DoubleValue]) 
	VALUES	(N'RFSTM_Grade_PS', N'CalculationId', N'RFSTM', NULL, NULL, NULL, NULL)
INSERT	[DataSeries].[SeriesTypeAttribute] ([SeriesTypeId], [Name], [StringValue], [IntegerValue], [BooleanValue], [DateTimeValue], [DoubleValue]) 
	VALUES (N'RFSTM_Grade_PS', N'DataRetrievalRequest_ProcessorFullyQualifiedName', N'Snowden.Consulting.DataSeries.Processing.PointRetrievalProcessor, Snowden.Consulting.DataSeries.Processing', NULL, NULL, NULL, NULL)
INSERT [DataSeries].[SeriesTypeAttribute] ([SeriesTypeId], [Name], [StringValue], [IntegerValue], [BooleanValue], [DateTimeValue], [DoubleValue]) 
	VALUES (N'RFSTM_Grade_PS', N'LocationType', N'Pit and above', NULL, NULL, NULL, NULL)
INSERT [DataSeries].[SeriesTypeAttribute] ([SeriesTypeId], [Name], [StringValue], [IntegerValue], [BooleanValue], [DateTimeValue], [DoubleValue]) 
	VALUES (N'RFSTM_Grade_PS', N'OutlierConfiguration_AbsoluteEnd', NULL, NULL, NULL, CAST(N'2060-01-01 00:00:00.000' AS DateTime), NULL)
INSERT [DataSeries].[SeriesTypeAttribute] ([SeriesTypeId], [Name], [StringValue], [IntegerValue], [BooleanValue], [DateTimeValue], [DoubleValue]) 
	VALUES (N'RFSTM_Grade_PS', N'OutlierConfiguration_AbsoluteStart', NULL, NULL, NULL, CAST(N'2009-04-01 00:00:00.000' AS DateTime), NULL)
INSERT [DataSeries].[SeriesTypeAttribute] ([SeriesTypeId], [Name], [StringValue], [IntegerValue], [BooleanValue], [DateTimeValue], [DoubleValue]) 
	VALUES (N'RFSTM_Grade_PS', N'OutlierConfiguration_Description', N'RFSTM Grade by HUB and Product Size', NULL, NULL, NULL, NULL)
INSERT [DataSeries].[SeriesTypeAttribute] ([SeriesTypeId], [Name], [StringValue], [IntegerValue], [BooleanValue], [DateTimeValue], [DoubleValue]) 
	VALUES (N'RFSTM_Grade_PS', N'OutlierConfiguration_IsActive', NULL, NULL, 1, NULL, NULL)
INSERT [DataSeries].[SeriesTypeAttribute] ([SeriesTypeId], [Name], [StringValue], [IntegerValue], [BooleanValue], [DateTimeValue], [DoubleValue]) 
	VALUES (N'RFSTM_Grade_PS', N'OutlierConfiguration_MinimumDataPoints', NULL, 12, NULL, NULL, NULL)
INSERT [DataSeries].[SeriesTypeAttribute] ([SeriesTypeId], [Name], [StringValue], [IntegerValue], [BooleanValue], [DateTimeValue], [DoubleValue]) 
	VALUES (N'RFSTM_Grade_PS', N'OutlierConfiguration_OutlierThreshold', NULL, NULL, NULL, NULL, 3)
INSERT [DataSeries].[SeriesTypeAttribute] ([SeriesTypeId], [Name], [StringValue], [IntegerValue], [BooleanValue], [DateTimeValue], [DoubleValue]) 
	VALUES (N'RFSTM_Grade_PS', N'OutlierConfiguration_Priority', NULL, 3, NULL, NULL, NULL)
INSERT [DataSeries].[SeriesTypeAttribute] ([SeriesTypeId], [Name], [StringValue], [IntegerValue], [BooleanValue], [DateTimeValue], [DoubleValue]) 
	VALUES (N'RFSTM_Grade_PS', N'OutlierConfiguration_ProjectedValueMethod', N'RollingAverage', NULL, NULL, NULL, NULL)
INSERT [DataSeries].[SeriesTypeAttribute] ([SeriesTypeId], [Name], [StringValue], [IntegerValue], [BooleanValue], [DateTimeValue], [DoubleValue]) 
	VALUES (N'RFSTM_Grade_PS', N'OutlierConfiguration_RollingSeriesSize', NULL, 24, NULL, NULL, NULL)
INSERT [DataSeries].[SeriesTypeAttribute] ([SeriesTypeId], [Name], [StringValue], [IntegerValue], [BooleanValue], [DateTimeValue], [DoubleValue]) 
	VALUES (N'RFSTM_Grade_PS', N'OutlierProcessRequest_ProcessorFullyQualifiedName', N'Snowden.Consulting.DataSeries.Processing.OutlierDetectionProcessor, Snowden.Consulting.DataSeries.Processing', NULL, NULL, NULL, NULL)
INSERT [DataSeries].[SeriesTypeAttribute] ([SeriesTypeId], [Name], [StringValue], [IntegerValue], [BooleanValue], [DateTimeValue], [DoubleValue]) 
	VALUES (N'RFSTM_Grade_PS', N'RetrieverFullyQualifiedName', N'Snowden.Reconcilor.Bhpbio.DataSeries.ReportSeriesDataRetriever, Snowden.Reconcilor.Bhpbio.DataSeries', NULL, NULL, NULL, NULL)
INSERT [DataSeries].[SeriesTypeAttribute] ([SeriesTypeId], [Name], [StringValue], [IntegerValue], [BooleanValue], [DateTimeValue], [DoubleValue]) 
	VALUES (N'RFSTM_Tonnes_PS', N'Attribute', N'Tonnes', NULL, NULL, NULL, NULL)
INSERT [DataSeries].[SeriesTypeAttribute] ([SeriesTypeId], [Name], [StringValue], [IntegerValue], [BooleanValue], [DateTimeValue], [DoubleValue]) 
	VALUES (N'RFSTM_Tonnes_PS', N'ByMaterialType', NULL, NULL, 0, NULL, NULL)
INSERT [DataSeries].[SeriesTypeAttribute] ([SeriesTypeId], [Name], [StringValue], [IntegerValue], [BooleanValue], [DateTimeValue], [DoubleValue]) 
	VALUES (N'RFSTM_Tonnes_PS', N'ByProductSize', NULL, NULL, 1, NULL, NULL)
INSERT [DataSeries].[SeriesTypeAttribute] ([SeriesTypeId], [Name], [StringValue], [IntegerValue], [BooleanValue], [DateTimeValue], [DoubleValue]) 
	VALUES (N'RFSTM_Tonnes_PS', N'CalculationId', N'RFSTM', NULL, NULL, NULL, NULL)
INSERT [DataSeries].[SeriesTypeAttribute] ([SeriesTypeId], [Name], [StringValue], [IntegerValue], [BooleanValue], [DateTimeValue], [DoubleValue]) 
	VALUES (N'RFSTM_Tonnes_PS', N'DataRetrievalRequest_ProcessorFullyQualifiedName', N'Snowden.Consulting.DataSeries.Processing.PointRetrievalProcessor, Snowden.Consulting.DataSeries.Processing', NULL, NULL, NULL, NULL)
INSERT [DataSeries].[SeriesTypeAttribute] ([SeriesTypeId], [Name], [StringValue], [IntegerValue], [BooleanValue], [DateTimeValue], [DoubleValue]) 
	VALUES (N'RFSTM_Tonnes_PS', N'LocationType', N'Pit and above', NULL, NULL, NULL, NULL)
INSERT [DataSeries].[SeriesTypeAttribute] ([SeriesTypeId], [Name], [StringValue], [IntegerValue], [BooleanValue], [DateTimeValue], [DoubleValue]) 
	VALUES (N'RFSTM_Tonnes_PS', N'OutlierConfiguration_AbsoluteEnd', NULL, NULL, NULL, CAST(N'2060-01-01 00:00:00.000' AS DateTime), NULL)
INSERT [DataSeries].[SeriesTypeAttribute] ([SeriesTypeId], [Name], [StringValue], [IntegerValue], [BooleanValue], [DateTimeValue], [DoubleValue]) 
	VALUES (N'RFSTM_Tonnes_PS', N'OutlierConfiguration_AbsoluteStart', NULL, NULL, NULL, CAST(N'2009-04-01 00:00:00.000' AS DateTime), NULL)
INSERT [DataSeries].[SeriesTypeAttribute] ([SeriesTypeId], [Name], [StringValue], [IntegerValue], [BooleanValue], [DateTimeValue], [DoubleValue]) 
	VALUES (N'RFSTM_Tonnes_PS', N'OutlierConfiguration_Description', N'RFSTM Tonnes by HUB and Product Size', NULL, NULL, NULL, NULL)
INSERT [DataSeries].[SeriesTypeAttribute] ([SeriesTypeId], [Name], [StringValue], [IntegerValue], [BooleanValue], [DateTimeValue], [DoubleValue]) 
	VALUES (N'RFSTM_Tonnes_PS', N'OutlierConfiguration_IsActive', NULL, NULL, 1, NULL, NULL)
INSERT [DataSeries].[SeriesTypeAttribute] ([SeriesTypeId], [Name], [StringValue], [IntegerValue], [BooleanValue], [DateTimeValue], [DoubleValue]) 
	VALUES (N'RFSTM_Tonnes_PS', N'OutlierConfiguration_MinimumDataPoints', NULL, 12, NULL, NULL, NULL)
INSERT [DataSeries].[SeriesTypeAttribute] ([SeriesTypeId], [Name], [StringValue], [IntegerValue], [BooleanValue], [DateTimeValue], [DoubleValue]) 
	VALUES (N'RFSTM_Tonnes_PS', N'OutlierConfiguration_OutlierThreshold', NULL, NULL, NULL, NULL, 3)
INSERT [DataSeries].[SeriesTypeAttribute] ([SeriesTypeId], [Name], [StringValue], [IntegerValue], [BooleanValue], [DateTimeValue], [DoubleValue]) 
	VALUES (N'RFSTM_Tonnes_PS', N'OutlierConfiguration_Priority', NULL, 1, NULL, NULL, NULL)
INSERT [DataSeries].[SeriesTypeAttribute] ([SeriesTypeId], [Name], [StringValue], [IntegerValue], [BooleanValue], [DateTimeValue], [DoubleValue]) 
	VALUES (N'RFSTM_Tonnes_PS', N'OutlierConfiguration_ProjectedValueMethod', N'RollingAverage', NULL, NULL, NULL, NULL)
INSERT [DataSeries].[SeriesTypeAttribute] ([SeriesTypeId], [Name], [StringValue], [IntegerValue], [BooleanValue], [DateTimeValue], [DoubleValue]) 
	VALUES (N'RFSTM_Tonnes_PS', N'OutlierConfiguration_RollingSeriesSize', NULL, 24, NULL, NULL, NULL)
INSERT [DataSeries].[SeriesTypeAttribute] ([SeriesTypeId], [Name], [StringValue], [IntegerValue], [BooleanValue], [DateTimeValue], [DoubleValue]) 
	VALUES (N'RFSTM_Tonnes_PS', N'OutlierProcessRequest_ProcessorFullyQualifiedName', N'Snowden.Consulting.DataSeries.Processing.OutlierDetectionProcessor, Snowden.Consulting.DataSeries.Processing', NULL, NULL, NULL, NULL)
INSERT [DataSeries].[SeriesTypeAttribute] ([SeriesTypeId], [Name], [StringValue], [IntegerValue], [BooleanValue], [DateTimeValue], [DoubleValue]) 
	VALUES (N'RFSTM_Tonnes_PS', N'RetrieverFullyQualifiedName', N'Snowden.Reconcilor.Bhpbio.DataSeries.ReportSeriesDataRetriever, Snowden.Reconcilor.Bhpbio.DataSeries', NULL, NULL, NULL, NULL)
	